{"createdUser":null,"updatedUser":null,"name":"10-apr-2100hrs","kong_node_name":"admin","kong_node_url":"http://kong:8001","kong_version":"2.0.2","data":{"services":[{"host":"carowner","created_at":1585909929,"connect_timeout":60000,"id":"14c3dfcb-6899-4ed8-8241-5c5a8b6ddbfd","protocol":"http","name":"CarOwner_GetCOByID","read_timeout":60000,"port":7100,"path":"/carowner/","updated_at":1585911959,"retries":5,"write_timeout":60000,"tags":[],"client_certificate":null,"extras":{"id":4,"service_id":"14c3dfcb-6899-4ed8-8241-5c5a8b6ddbfd","kong_node_id":"1","createdAt":"2020-04-03T10:32:09.643Z","updatedAt":"2020-04-03T11:05:59.618Z"}},{"host":"searchcar1","created_at":1585379340,"connect_timeout":60000,"id":"27119791-2bad-4cb2-83ce-2cea5ccd2efb","protocol":"http","name":"SearchCarAPI","read_timeout":60000,"port":8200,"path":"/searchcar","updated_at":1585907987,"retries":5,"write_timeout":60000,"tags":[],"client_certificate":null,"extras":{}},{"host":"rentaltransactions","created_at":1585635308,"connect_timeout":60000,"id":"318ce6fc-b05c-498c-9bd1-86a73630ba32","protocol":"http","name":"RentalTransaction_CreateRT","read_timeout":60000,"port":7300,"path":"/rentaltransactions","updated_at":1585907987,"retries":5,"write_timeout":60000,"tags":[],"client_certificate":null,"extras":{}},{"host":"car","created_at":1585631789,"connect_timeout":60000,"id":"336ae708-9a81-4019-b412-3a8b91d76cce","protocol":"http","name":"AddCarListing","read_timeout":60000,"port":7000,"path":"/car","updated_at":1585907987,"retries":5,"write_timeout":60000,"tags":[],"client_certificate":null,"extras":{}},{"host":"rentaltransactions","created_at":1585915951,"connect_timeout":60000,"id":"3684bb6c-6b6a-4a6e-8689-1ae18df09c37","protocol":"http","name":"RentalTransactions_GetTransByDate","read_timeout":60000,"port":7300,"path":"/rentaltransactions/date/","updated_at":1585916003,"retries":5,"write_timeout":60000,"tags":[],"client_certificate":null,"extras":{"id":7,"service_id":"3684bb6c-6b6a-4a6e-8689-1ae18df09c37","kong_node_id":"1","createdAt":"2020-04-03T12:12:31.672Z","updatedAt":"2020-04-03T12:13:23.815Z"}},{"host":"rentaltransactions","created_at":1585635095,"connect_timeout":60000,"id":"3e24b081-4be7-4e2e-9568-f3c290f704ee","protocol":"http","name":"RentalTransaction_GetRTBetweenDates","read_timeout":60000,"port":7300,"path":"/rentaltransactions/","updated_at":1585907987,"retries":5,"write_timeout":60000,"tags":[],"client_certificate":null,"extras":{}},{"host":"carrenter","created_at":1585914362,"connect_timeout":60000,"id":"417c7ce5-fa20-4971-a167-27cf39693a02","protocol":"http","name":"CarRenter_GetCRByID","read_timeout":60000,"port":7200,"path":"/carrenter/","updated_at":1585914362,"retries":5,"write_timeout":60000,"tags":[],"client_certificate":null,"extras":{"id":5,"service_id":"417c7ce5-fa20-4971-a167-27cf39693a02","kong_node_id":"1","createdAt":"2020-04-03T11:46:02.283Z","updatedAt":"2020-04-03T11:46:02.283Z"}},{"host":"payment","created_at":1585822102,"connect_timeout":60000,"id":"4d1b4b3b-9132-4093-b969-a13fcf05e446","protocol":"http","name":"Payment_Execute","read_timeout":60000,"port":7400,"path":"/execute","updated_at":1585907987,"retries":5,"write_timeout":60000,"tags":[],"client_certificate":null,"extras":{"id":2,"service_id":"4d1b4b3b-9132-4093-b969-a13fcf05e446","kong_node_id":"1","createdAt":"2020-04-02T10:08:22.855Z","updatedAt":"2020-04-02T10:08:22.855Z"}},{"host":"carowner","created_at":1585634459,"connect_timeout":60000,"id":"5d28319b-7954-49e6-b1a4-1e6e1405e0f3","protocol":"http","name":"CarOwner_GetByUsername","read_timeout":60000,"port":7100,"path":"/carowner/","updated_at":1585907987,"retries":5,"write_timeout":60000,"tags":[],"client_certificate":null,"extras":{}},{"host":"rentaltransactions","created_at":1585914714,"connect_timeout":60000,"id":"6643e861-fa4d-441d-a37e-05f16f8ff92c","protocol":"http","name":"RentalTransactions_FindByCRID","read_timeout":60000,"port":7300,"path":"/rentaltransactions/cr/","updated_at":1585914714,"retries":5,"write_timeout":60000,"tags":[],"client_certificate":null,"extras":{"id":6,"service_id":"6643e861-fa4d-441d-a37e-05f16f8ff92c","kong_node_id":"1","createdAt":"2020-04-03T11:51:54.642Z","updatedAt":"2020-04-03T11:51:54.642Z"}},{"host":"car","created_at":1585647744,"connect_timeout":60000,"id":"671ce624-f7b4-47e9-a297-98563d18825f","protocol":"http","name":"Car_GetCarByCID","read_timeout":60000,"port":7000,"path":"/car/cid/","updated_at":1585907987,"retries":5,"write_timeout":60000,"tags":[],"client_certificate":null,"extras":{}},{"host":"rentaltransactions","created_at":1585635213,"connect_timeout":60000,"id":"6800df00-721c-4a7b-acd1-6b59feebc928","protocol":"http","name":"RentalTransaction_VerifyAvailableCarBetweenDates","read_timeout":60000,"port":7300,"path":"/rentaltransactions/","updated_at":1585907987,"retries":5,"write_timeout":60000,"tags":[],"client_certificate":null,"extras":{}},{"host":"car1","created_at":1584178175,"connect_timeout":60000,"id":"684d0b9a-01ba-48a0-abb9-67ad522ad645","protocol":"http","name":"carmaapi","read_timeout":60000,"port":7000,"path":"/car","updated_at":1585907987,"retries":5,"write_timeout":60000,"tags":[],"client_certificate":null,"extras":{}},{"host":"book.v1.service","created_at":1583820759,"connect_timeout":60000,"id":"7b8623ba-34ec-4360-a2cc-e40d81cefc15","protocol":"http","name":"bookapi","read_timeout":60000,"port":5000,"path":"/book","updated_at":1585907987,"retries":5,"write_timeout":60000,"tags":[],"client_certificate":null,"extras":{}},{"host":"payment","created_at":1585821992,"connect_timeout":60000,"id":"8a7c5055-0883-4785-a055-28962453ab2d","protocol":"http","name":"Payment","read_timeout":60000,"port":7400,"path":"/payment","updated_at":1585907987,"retries":5,"write_timeout":60000,"tags":[],"client_certificate":null,"extras":{"id":1,"service_id":"8a7c5055-0883-4785-a055-28962453ab2d","kong_node_id":"1","createdAt":"2020-04-02T10:06:32.104Z","updatedAt":"2020-04-02T10:06:32.104Z"}},{"host":"car","created_at":1585634337,"connect_timeout":60000,"id":"8e0ae39b-6dc0-40bf-ae43-a5b1befcd494","protocol":"http","name":"Car_GetCarByCapacityAndTrans","read_timeout":60000,"port":7000,"path":"/car/capacity/","updated_at":1585907987,"retries":5,"write_timeout":60000,"tags":[],"client_certificate":null,"extras":{}},{"host":"rentaltransactions","created_at":1585916662,"connect_timeout":60000,"id":"8e373eb0-08ea-421b-b933-ff987ceb57dc","protocol":"http","name":"RentalTransactions_FindByTransID","read_timeout":60000,"port":7300,"path":"/rentaltransactions/return/","updated_at":1585916662,"retries":5,"write_timeout":60000,"tags":[],"client_certificate":null,"extras":{"id":8,"service_id":"8e373eb0-08ea-421b-b933-ff987ceb57dc","kong_node_id":"1","createdAt":"2020-04-03T12:24:22.164Z","updatedAt":"2020-04-03T12:24:22.164Z"}},{"host":"car","created_at":1585633821,"connect_timeout":60000,"id":"b8281fac-e72b-483a-80ce-2f1be25d6cfa","protocol":"http","name":"Car_GetAllCar","read_timeout":60000,"port":7000,"path":"/car","updated_at":1585907987,"retries":5,"write_timeout":60000,"tags":[],"client_certificate":null,"extras":{}},{"host":"car","created_at":1585633641,"connect_timeout":60000,"id":"bb93cae3-fd03-485b-b112-e04bdb103fb3","protocol":"http","name":"Car_AddCar","read_timeout":60000,"port":7000,"path":"/car","updated_at":1585907987,"retries":5,"write_timeout":60000,"tags":[],"client_certificate":null,"extras":{}},{"host":"bookcar1","created_at":1585543421,"connect_timeout":60000,"id":"bf1b38e5-98c6-4f25-8a03-d59ab7fac5bc","protocol":"http","name":"BookCar","read_timeout":60000,"port":8300,"path":"/bookcar","updated_at":1586443783,"retries":5,"write_timeout":60000,"tags":[],"client_certificate":null,"extras":{}},{"host":"reviews","created_at":1586521378,"connect_timeout":60000,"id":"ca8b16c5-ab1f-406a-8ac1-dd5b4fe42ac3","protocol":"http","name":"Reviews_GetByCID","read_timeout":60000,"port":7500,"path":"/reviews/","updated_at":1586521378,"retries":5,"write_timeout":60000,"tags":[],"client_certificate":null,"extras":{"kong_node_id":"1","service_id":"ca8b16c5-ab1f-406a-8ac1-dd5b4fe42ac3","createdAt":"2020-04-10T12:22:58.626Z","updatedAt":"2020-04-10T12:22:58.626Z","id":9,"createdUser":null,"updatedUser":null}},{"host":"car","created_at":1585634244,"connect_timeout":60000,"id":"cb386b54-2cf4-4ecc-9cf3-b908b18662d3","protocol":"http","name":"Car_GetCarByCapacity","read_timeout":60000,"port":7000,"path":"/car/capacity/","updated_at":1585907987,"retries":5,"write_timeout":60000,"tags":[],"client_certificate":null,"extras":{}},{"host":"carowner","created_at":1585634558,"connect_timeout":60000,"id":"d97c7f55-d9cc-4af7-b8cd-c3404efff9af","protocol":"http","name":"CarOwner_AddCarOwner","read_timeout":60000,"port":7100,"path":"/carowner","updated_at":1585907987,"retries":5,"write_timeout":60000,"tags":[],"client_certificate":null,"extras":{}},{"host":"car","created_at":1585578136,"connect_timeout":60000,"id":"d9db6f6a-8b03-4b85-9ee3-a32d42716bbd","protocol":"http","name":"car","read_timeout":60000,"port":7000,"path":"/car","updated_at":1585907987,"retries":5,"write_timeout":60000,"tags":[],"client_certificate":null,"extras":{}},{"host":"carowner","created_at":1585634744,"connect_timeout":60000,"id":"e5f17edf-e4b1-4eb3-bd0e-215976ca2eb2","protocol":"http","name":"CarOwner_AuthenticateCO","read_timeout":60000,"port":7100,"path":"/carowner/login","updated_at":1585907987,"retries":5,"write_timeout":60000,"tags":[],"client_certificate":null,"extras":{}},{"host":"searchcar1","created_at":1585578714,"connect_timeout":60000,"id":"e6c866b4-d924-4c9a-ba6d-418be5487a4c","protocol":"http","name":"SearchCarByParameter","read_timeout":60000,"port":8200,"path":"/searchcar/","updated_at":1586443776,"retries":5,"write_timeout":60000,"tags":[],"client_certificate":null,"extras":{}},{"host":"carrenter","created_at":1585634834,"connect_timeout":60000,"id":"e6dae0d3-62e0-4335-a667-901b7bba1662","protocol":"http","name":"CarRenter_CreateCR","read_timeout":60000,"port":7200,"path":"/carrenter","updated_at":1585907987,"retries":5,"write_timeout":60000,"tags":[],"client_certificate":null,"extras":{}},{"host":"searchcar1","created_at":1585469773,"connect_timeout":60000,"id":"f082d3d1-fd7e-4ca6-9ed9-f8dfc7d971ba","protocol":"http","name":"get_car_filter_options","read_timeout":60000,"port":8200,"path":"/searchcar/","updated_at":1585907987,"retries":5,"write_timeout":60000,"tags":[],"client_certificate":null,"extras":{}},{"host":"car","created_at":1585909344,"connect_timeout":60000,"id":"fb9c752a-1e80-4bfc-860a-9d69aaef7a18","protocol":"http","name":"Car_FindByCOUsername","read_timeout":60000,"port":7000,"path":"/car/cousername/","updated_at":1585910162,"retries":5,"write_timeout":60000,"tags":[],"client_certificate":null,"extras":{"id":3,"service_id":"fb9c752a-1e80-4bfc-860a-9d69aaef7a18","kong_node_id":"1","createdAt":"2020-04-03T10:22:24.574Z","updatedAt":"2020-04-03T10:36:02.577Z"}}],"routes":[{"id":"009f29f9-f414-4d26-bbd2-1e7ba26f2567","path_handling":"v0","paths":["/SearchCarAPI/searchcar/"],"destinations":null,"headers":null,"protocols":["http","https"],"methods":["GET"],"snis":null,"service":{"id":"e6c866b4-d924-4c9a-ba6d-418be5487a4c"},"name":null,"strip_path":true,"preserve_host":false,"regex_priority":0,"updated_at":1585907987,"sources":null,"hosts":null,"https_redirect_status_code":426,"tags":null,"created_at":1585578750},{"id":"0687b74b-4512-467e-8d38-b52ab7bbe47d","path_handling":"v0","paths":["/SearchCarAPI/searchcar"],"destinations":null,"headers":null,"protocols":["http","https"],"methods":["GET"],"snis":null,"service":{"id":"27119791-2bad-4cb2-83ce-2cea5ccd2efb"},"name":null,"strip_path":true,"preserve_host":false,"regex_priority":0,"updated_at":1585907987,"sources":null,"hosts":[],"https_redirect_status_code":426,"tags":null,"created_at":1585380134},{"id":"16fb53e7-5655-4742-8c8a-c1a2c28356ff","path_handling":"v0","paths":["/paymentexecute"],"destinations":null,"headers":null,"protocols":["http","https"],"methods":["POST","OPTIONS"],"snis":null,"service":{"id":"4d1b4b3b-9132-4093-b969-a13fcf05e446"},"name":null,"strip_path":true,"preserve_host":false,"regex_priority":0,"updated_at":1585907987,"sources":null,"hosts":[],"https_redirect_status_code":426,"tags":null,"created_at":1585822125},{"id":"17c583ec-3faa-41cd-9030-1f021ed05d86","path_handling":"v0","paths":["/GetCOByUsername/"],"destinations":null,"headers":null,"protocols":["http","https"],"methods":["GET"],"snis":null,"service":{"id":"5d28319b-7954-49e6-b1a4-1e6e1405e0f3"},"name":null,"strip_path":true,"preserve_host":false,"regex_priority":0,"updated_at":1585909099,"sources":null,"hosts":[],"https_redirect_status_code":426,"tags":null,"created_at":1585634516},{"id":"2e56d0a9-5d21-4a31-8f5e-29ef702a3d60","path_handling":"v0","paths":["/GetReviewsByCID/"],"destinations":null,"headers":null,"protocols":["http","https"],"methods":["GET"],"snis":null,"service":{"id":"ca8b16c5-ab1f-406a-8ac1-dd5b4fe42ac3"},"name":null,"strip_path":true,"preserve_host":false,"regex_priority":0,"updated_at":1586521409,"sources":null,"hosts":null,"https_redirect_status_code":426,"tags":null,"created_at":1586521409},{"id":"33593e78-404b-481a-821c-f69205e3158a","path_handling":"v0","paths":["/FindRTByCRID/"],"destinations":null,"headers":null,"protocols":["http","https"],"methods":["GET"],"snis":null,"service":{"id":"6643e861-fa4d-441d-a37e-05f16f8ff92c"},"name":null,"strip_path":true,"preserve_host":false,"regex_priority":0,"updated_at":1585916202,"sources":null,"hosts":null,"https_redirect_status_code":426,"tags":null,"created_at":1585916202},{"id":"3e840bd3-bbfb-4a69-9740-7064a4b4084b","path_handling":"v0","paths":["/AddCO"],"destinations":null,"headers":null,"protocols":["http","https"],"methods":["POST"],"snis":null,"service":{"id":"d97c7f55-d9cc-4af7-b8cd-c3404efff9af"},"name":null,"strip_path":true,"preserve_host":false,"regex_priority":0,"updated_at":1585907987,"sources":null,"hosts":null,"https_redirect_status_code":426,"tags":null,"created_at":1585634603},{"id":"43341957-875f-416e-97fa-52b3dc5b1df9","path_handling":"v0","paths":["/api/v1/book"],"destinations":null,"headers":null,"protocols":["http","https"],"methods":["GET"],"snis":null,"service":{"id":"7b8623ba-34ec-4360-a2cc-e40d81cefc15"},"name":null,"strip_path":true,"preserve_host":false,"regex_priority":0,"updated_at":1585907987,"sources":null,"hosts":null,"https_redirect_status_code":426,"tags":null,"created_at":1583820828},{"id":"491ec432-31dc-4aaf-971e-62229462d5f9","path_handling":"v0","paths":["/GetAllCar"],"destinations":null,"headers":null,"protocols":["http","https"],"methods":["GET"],"snis":null,"service":{"id":"b8281fac-e72b-483a-80ce-2f1be25d6cfa"},"name":null,"strip_path":true,"preserve_host":false,"regex_priority":0,"updated_at":1585907987,"sources":null,"hosts":null,"https_redirect_status_code":426,"tags":null,"created_at":1585634102},{"id":"4b262514-e27d-4b1f-94ec-aaa992e4220d","path_handling":"v0","paths":["/GetCOByID/"],"destinations":null,"headers":null,"protocols":["http","https"],"methods":["GET"],"snis":null,"service":{"id":"14c3dfcb-6899-4ed8-8241-5c5a8b6ddbfd"},"name":null,"strip_path":true,"preserve_host":false,"regex_priority":0,"updated_at":1585909963,"sources":null,"hosts":null,"https_redirect_status_code":426,"tags":null,"created_at":1585909963},{"id":"54f544f3-e4bf-4eb4-a1be-4cc74011742f","path_handling":"v0","paths":["/api/v1/car"],"destinations":null,"headers":null,"protocols":["http","https"],"methods":["GET"],"snis":null,"service":{"id":"684d0b9a-01ba-48a0-abb9-67ad522ad645"},"name":null,"strip_path":true,"preserve_host":false,"regex_priority":0,"updated_at":1585907987,"sources":null,"hosts":[],"https_redirect_status_code":426,"tags":null,"created_at":1584178269},{"id":"5a1246f6-26c1-4c81-8cea-c94a9466232e","path_handling":"v0","paths":["/SearchCarAPI/searchcar/"],"destinations":null,"headers":null,"protocols":["http","https"],"methods":["GET"],"snis":null,"service":{"id":"27119791-2bad-4cb2-83ce-2cea5ccd2efb"},"name":null,"strip_path":true,"preserve_host":false,"regex_priority":0,"updated_at":1585907987,"sources":null,"hosts":null,"https_redirect_status_code":426,"tags":null,"created_at":1585469544},{"id":"5b16ad03-3522-4009-8db4-30647581f98d","path_handling":"v0","paths":null,"destinations":null,"headers":null,"protocols":["http","https"],"methods":["GET"],"snis":null,"service":{"id":"27119791-2bad-4cb2-83ce-2cea5ccd2efb"},"name":null,"strip_path":true,"preserve_host":false,"regex_priority":0,"updated_at":1585722800,"sources":null,"hosts":null,"https_redirect_status_code":426,"tags":null,"created_at":1585379424},{"id":"5d08fca2-0e9d-4a82-8fa2-0ad749d0ac33","path_handling":"v0","paths":["/CarAPI/addcar"],"destinations":null,"headers":null,"protocols":["http","https"],"methods":["POST"],"snis":null,"service":{"id":"336ae708-9a81-4019-b412-3a8b91d76cce"},"name":null,"strip_path":true,"preserve_host":false,"regex_priority":0,"updated_at":1585907987,"sources":null,"hosts":[],"https_redirect_status_code":426,"tags":null,"created_at":1585631867},{"id":"654017d2-7cd8-4d96-8b63-21092ece0bb8","path_handling":"v0","paths":["/GetCRByID/"],"destinations":null,"headers":null,"protocols":["http","https"],"methods":["GET"],"snis":null,"service":{"id":"417c7ce5-fa20-4971-a167-27cf39693a02"},"name":null,"strip_path":true,"preserve_host":false,"regex_priority":0,"updated_at":1585914396,"sources":null,"hosts":[],"https_redirect_status_code":426,"tags":null,"created_at":1585914382},{"id":"674974de-400c-41e9-a3ae-03f015dec148","path_handling":"v0","paths":["/AddCar"],"destinations":null,"headers":null,"protocols":["http","https"],"methods":["POST","OPTIONS"],"snis":null,"service":{"id":"bb93cae3-fd03-485b-b112-e04bdb103fb3"},"name":null,"strip_path":true,"preserve_host":false,"regex_priority":0,"updated_at":1585913939,"sources":null,"hosts":[],"https_redirect_status_code":426,"tags":null,"created_at":1585633754},{"id":"774afbeb-cbfe-47c5-a7a9-6ec2bac1f0bd","path_handling":"v0","paths":["/BookCarAPI/bookcar"],"destinations":null,"headers":null,"protocols":["http","https"],"methods":["POST","OPTIONS"],"snis":null,"service":{"id":"bf1b38e5-98c6-4f25-8a03-d59ab7fac5bc"},"name":null,"strip_path":true,"preserve_host":false,"regex_priority":0,"updated_at":1586439980,"sources":null,"hosts":[],"https_redirect_status_code":426,"tags":null,"created_at":1585543470},{"id":"818d0485-e5de-4081-9d23-67ca106548da","path_handling":"v0","paths":["/GetCarByCID/"],"destinations":null,"headers":null,"protocols":["http","https"],"methods":["GET"],"snis":null,"service":{"id":"671ce624-f7b4-47e9-a297-98563d18825f"},"name":null,"strip_path":true,"preserve_host":false,"regex_priority":0,"updated_at":1585907987,"sources":null,"hosts":[],"https_redirect_status_code":426,"tags":null,"created_at":1585647809},{"id":"9145c707-0b41-4f8c-ab57-4e552b2eeaab","path_handling":"v0","paths":["/GetByCapacity"],"destinations":null,"headers":null,"protocols":["http","https"],"methods":["GET"],"snis":null,"service":{"id":"cb386b54-2cf4-4ecc-9cf3-b908b18662d3"},"name":null,"strip_path":true,"preserve_host":false,"regex_priority":0,"updated_at":1585907987,"sources":null,"hosts":null,"https_redirect_status_code":426,"tags":null,"created_at":1585634289},{"id":"9af83908-dc13-4746-85ae-cd5638e43abf","path_handling":"v0","paths":["/GetRTByTransID/"],"destinations":null,"headers":null,"protocols":["http","https"],"methods":["GET"],"snis":null,"service":{"id":"8e373eb0-08ea-421b-b933-ff987ceb57dc"},"name":null,"strip_path":true,"preserve_host":false,"regex_priority":0,"updated_at":1585916805,"sources":null,"hosts":null,"https_redirect_status_code":426,"tags":null,"created_at":1585916805},{"id":"a01d1c4b-54cf-4028-b20c-b6e67693390f","path_handling":"v0","paths":["/GetRTBetweenDates"],"destinations":null,"headers":null,"protocols":["http","https"],"methods":["GET"],"snis":null,"service":{"id":"3e24b081-4be7-4e2e-9568-f3c290f704ee"},"name":null,"strip_path":true,"preserve_host":false,"regex_priority":0,"updated_at":1585907987,"sources":null,"hosts":null,"https_redirect_status_code":426,"tags":null,"created_at":1585635165},{"id":"b538d36f-d4d7-4d20-8d89-f17d78c6bc37","path_handling":"v0","paths":["/CreateCR"],"destinations":null,"headers":null,"protocols":["http","https"],"methods":["POST"],"snis":null,"service":{"id":"e6dae0d3-62e0-4335-a667-901b7bba1662"},"name":null,"strip_path":true,"preserve_host":false,"regex_priority":0,"updated_at":1585907987,"sources":null,"hosts":null,"https_redirect_status_code":426,"tags":null,"created_at":1585634859},{"id":"cf86cd70-3fe1-440e-9a90-63588ba0a9b0","path_handling":"v0","paths":["/SearchCarAPI/searchcar/"],"destinations":null,"headers":null,"protocols":["http","https"],"methods":["GET"],"snis":null,"service":{"id":"f082d3d1-fd7e-4ca6-9ed9-f8dfc7d971ba"},"name":null,"strip_path":true,"preserve_host":false,"regex_priority":0,"updated_at":1585907987,"sources":null,"hosts":null,"https_redirect_status_code":426,"tags":null,"created_at":1585469844},{"id":"da46d15f-082b-406b-ba15-3b9b3b3e2c92","path_handling":"v0","paths":["/CreateRT"],"destinations":null,"headers":null,"protocols":["http","https"],"methods":["POST"],"snis":null,"service":{"id":"318ce6fc-b05c-498c-9bd1-86a73630ba32"},"name":null,"strip_path":true,"preserve_host":false,"regex_priority":0,"updated_at":1585907987,"sources":null,"hosts":null,"https_redirect_status_code":426,"tags":null,"created_at":1585635332},{"id":"daf5ced0-6ead-4cff-a77c-e01a68810b9d","path_handling":"v0","paths":["/GetAvailCarBetweenDates"],"destinations":null,"headers":null,"protocols":["http","https"],"methods":["GET"],"snis":null,"service":{"id":"6800df00-721c-4a7b-acd1-6b59feebc928"},"name":null,"strip_path":true,"preserve_host":false,"regex_priority":0,"updated_at":1585907987,"sources":null,"hosts":null,"https_redirect_status_code":426,"tags":null,"created_at":1585635252},{"id":"de0b6401-6757-48c5-bb05-f5566e93bf16","path_handling":"v0","paths":["/GetByCapacityAndTrans"],"destinations":null,"headers":null,"protocols":["http","https"],"methods":["GET"],"snis":null,"service":{"id":"8e0ae39b-6dc0-40bf-ae43-a5b1befcd494"},"name":null,"strip_path":true,"preserve_host":false,"regex_priority":0,"updated_at":1585907987,"sources":null,"hosts":null,"https_redirect_status_code":426,"tags":null,"created_at":1585634375},{"id":"de16c76f-9381-4edb-a43d-4ec7375a1a23","path_handling":"v0","paths":["/FindCarWithCOUsername/"],"destinations":null,"headers":null,"protocols":["http","https"],"methods":["GET"],"snis":null,"service":{"id":"fb9c752a-1e80-4bfc-860a-9d69aaef7a18"},"name":null,"strip_path":true,"preserve_host":false,"regex_priority":0,"updated_at":1585909406,"sources":null,"hosts":null,"https_redirect_status_code":426,"tags":null,"created_at":1585909406},{"id":"e06f745a-71cd-4813-82c1-80e253ec45a4","path_handling":"v0","paths":["/GetTransByDate/"],"destinations":null,"headers":null,"protocols":["http","https"],"methods":["GET"],"snis":null,"service":{"id":"3684bb6c-6b6a-4a6e-8689-1ae18df09c37"},"name":null,"strip_path":true,"preserve_host":false,"regex_priority":0,"updated_at":1585916018,"sources":null,"hosts":null,"https_redirect_status_code":426,"tags":null,"created_at":1585916018},{"id":"e41c53ea-92f0-4e80-a2c3-f4577b14c40f","path_handling":"v0","paths":["/payment"],"destinations":null,"headers":null,"protocols":["http","https"],"methods":["POST","OPTIONS"],"snis":null,"service":{"id":"8a7c5055-0883-4785-a055-28962453ab2d"},"name":null,"strip_path":true,"preserve_host":false,"regex_priority":0,"updated_at":1585907987,"sources":null,"hosts":[],"https_redirect_status_code":426,"tags":null,"created_at":1585822019},{"id":"e8d8a785-5943-4d2a-85bc-cb0a857c408a","path_handling":"v0","paths":["/AuthenticateCO"],"destinations":null,"headers":null,"protocols":["http","https"],"methods":["POST"],"snis":null,"service":{"id":"e5f17edf-e4b1-4eb3-bd0e-215976ca2eb2"},"name":null,"strip_path":true,"preserve_host":false,"regex_priority":0,"updated_at":1585907987,"sources":null,"hosts":null,"https_redirect_status_code":426,"tags":null,"created_at":1585634767},{"id":"e8e93121-98cd-45df-88eb-efa15c35cfaf","path_handling":"v0","paths":["/api/v1/book"],"destinations":null,"headers":null,"protocols":["http","https"],"methods":["POST"],"snis":null,"service":{"id":"7b8623ba-34ec-4360-a2cc-e40d81cefc15"},"name":null,"strip_path":true,"preserve_host":false,"regex_priority":0,"updated_at":1585907987,"sources":null,"hosts":null,"https_redirect_status_code":426,"tags":null,"created_at":1583822345}],"consumers":[{"custom_id":null,"created_at":1584780152,"id":"c463ade1-83fb-4dd0-81fc-904537ceb958","tags":[],"username":"g2t4","credentials":{"key-auths":[]}},{"custom_id":null,"created_at":1583822271,"id":"c7202457-eff8-4e04-985b-7576764a8a5d","tags":[],"username":"admin","credentials":{"key-auths":[]}}],"plugins":[{"created_at":1585828826,"config":{"methods":["GET","HEAD","PUT","PATCH","POST","DELETE","OPTIONS","TRACE","CONNECT"],"exposed_headers":null,"max_age":null,"headers":null,"origins":null,"credentials":false,"preflight_continue":false},"id":"0742956a-33d0-4356-817e-0edfcb85ee0b","service":null,"enabled":true,"protocols":["grpc","grpcs","http","https"],"name":"cors","consumer":null,"route":null,"tags":null},{"created_at":1583822030,"config":{"key_names":["apikey"],"run_on_preflight":true,"anonymous":null,"hide_credentials":false,"key_in_body":false},"id":"8f575ff9-317d-4101-9056-79784b2537b1","service":{"id":"7b8623ba-34ec-4360-a2cc-e40d81cefc15"},"enabled":true,"protocols":["grpc","grpcs","http","https"],"name":"key-auth","consumer":null,"route":null,"tags":null},{"created_at":1583822694,"config":{"hide_groups_header":false,"blacklist":null,"whitelist":["admins"]},"id":"c3a56533-320a-4ca6-ba9d-ae65a1af9651","service":null,"enabled":true,"protocols":["grpc","grpcs","http","https"],"name":"acl","consumer":null,"route":{"id":"e8e93121-98cd-45df-88eb-efa15c35cfaf"},"tags":null},{"created_at":1584780039,"config":{"key_names":["apikey"],"run_on_preflight":true,"anonymous":null,"hide_credentials":false,"key_in_body":false},"id":"fbc65f42-de3e-4bf7-804b-21bffb467334","service":{"id":"684d0b9a-01ba-48a0-abb9-67ad522ad645"},"enabled":true,"protocols":["grpc","grpcs","http","https"],"name":"key-auth","consumer":null,"route":null,"tags":null}],"acls":[{"created_at":1583822303,"consumer":{"id":"c7202457-eff8-4e04-985b-7576764a8a5d"},"id":"901a2165-aa16-4eb4-9851-bcecf8de835f","group":"admins","tags":null}],"upstreams":[{"created_at":1583821281,"hash_on":"none","id":"45329752-ffc1-4218-a5be-6237e5fd2fed","algorithm":"round-robin","name":"book.v1.service","tags":null,"hash_fallback_header":null,"hash_fallback":"none","hash_on_cookie":null,"host_header":null,"hash_on_cookie_path":"/","healthchecks":{"threshold":0,"active":{"unhealthy":{"http_statuses":[429,404,500,501,502,503,504,505],"tcp_failures":0,"timeouts":0,"http_failures":0,"interval":0},"type":"http","http_path":"/","timeout":1,"healthy":{"successes":0,"interval":0,"http_statuses":[200,302]},"https_sni":null,"https_verify_certificate":true,"concurrency":10},"passive":{"unhealthy":{"http_failures":0,"http_statuses":[429,500,503],"tcp_failures":0,"timeouts":0},"healthy":{"http_statuses":[200,201,202,203,204,205,206,207,208,226,300,301,302,303,304,305,306,307,308],"successes":0},"type":"http"}},"hash_on_header":null,"slots":1000}],"certificates":[],"snis":[]},"createdAt":"2020-04-10T12:59:37.045Z","updatedAt":"2020-04-10T12:59:37.045Z","id":7}